epochs,MR,MRR,Hits@1,Hits@3,Hits@10
0,553.909,0.396525,0.327269,0.424531,0.533006
20,508.616,0.425485,0.360515,0.45184,0.552044
50,480.73,0.435021,0.368398,0.462377,0.565265
70,469.013,0.439039,0.371318,0.467478,0.571931